train_mse,train_mae,val_mse,val_mae,test_mse,test_mae,spear_corr,seed,position,window_size,num_dense,tolerance,amt_num_features,stratify_by
7.532345294952393,1.5338644516648952,7.919197082519531,1.5979849246359363,9.894796371459961,1.7767211664870586,0.49964994546488617,255,FWD,9,256,0.0001,pts_ict,stdev
8.217191696166992,1.6163531239001783,6.756569862365723,1.4951383214688896,9.151515007019043,1.7534628902045981,0.5621580713656409,834,FWD,9,256,0.0001,pts_ict,stdev
8.409860610961914,1.5541031884703231,7.529473781585693,1.5002053276379568,9.436199188232422,1.781686276994287,0.4475061960788231,255,FWD,9,256,0.0001,large,stdev
8.28958797454834,1.5506594927056938,6.966919898986816,1.4515227754683289,7.338754653930664,1.4926528712261142,0.49932792944613,834,FWD,9,256,0.0001,large,stdev
6.556839942932129,1.7313174158111995,6.606995582580566,1.6525036453751463,7.935982704162598,1.8266732557668799,0.4689082953631925,255,FWD,9,512,0.0001,pts_ict,stdev
7.161988735198975,1.739314821122917,6.228268146514893,1.6839499632651742,6.543365478515625,1.6587314987877462,0.6385417107117024,834,FWD,9,512,0.0001,pts_ict,stdev
6.505066394805908,1.6078342767102924,7.670954704284668,1.8278508235681925,6.73669958114624,1.7586701731755123,0.5088409151869011,255,FWD,9,512,0.0001,large,stdev
6.319065570831299,1.6069965052033612,7.491640090942383,1.791224432843072,7.95877742767334,1.8984249273659044,0.4538153303096446,834,FWD,9,512,0.0001,large,stdev
