train_mse,train_mae,val_mse,val_mae,test_mse,test_mae,spear_corr,seed,position,window_size,num_dense,tolerance,amt_num_features,stratify_by
5.959696292877197,1.5629761466151517,8.221662521362305,1.820384411802475,6.842189311981201,1.5444588425823234,0.609976698493415,444,FWD,9,64,0.0001,large,stdev
7.065986633300781,1.7483700672802809,5.558981895446777,1.4874576241098043,6.168708324432373,1.6322309201267486,0.5899894478943631,445,FWD,9,64,0.0001,large,stdev
6.45002555847168,1.6207933257713503,6.509274482727051,1.6535424566143877,8.608165740966797,1.9366745343918583,0.6099373644518006,446,FWD,9,64,0.0001,large,stdev
6.368313312530518,1.6470117392437114,7.173017501831055,1.735935955525385,6.71477746963501,1.6087422612394002,0.5180070457237075,447,FWD,9,64,0.0001,large,stdev
7.1690874099731445,1.7159697480956415,4.943345546722412,1.4523977517278086,7.314681053161621,1.8624734861876375,0.5116519309731516,448,FWD,9,64,0.0001,large,stdev
