train_mse,train_mae,val_mse,val_mae,test_mse,test_mae,spear_corr,seed,position,window_size,num_dense,tolerance,amt_num_features,stratify_by
5.539788246154785,1.5765645113366287,6.0654168128967285,1.5705752447534067,5.599146366119385,1.5717979601181264,0.6365084579764416,444,DEF,3,64,0.0001,large,stdev
5.609988689422607,1.5822141096683113,5.636029243469238,1.6383920410774715,6.010101318359375,1.5117122630810074,0.5422238540726813,445,DEF,3,64,0.0001,large,stdev
5.471766471862793,1.5426147421032002,5.787392616271973,1.637574316220474,6.480794429779053,1.590791333636467,0.6045200745151394,446,DEF,3,64,0.0001,large,stdev
5.7331223487854,1.5933149351713884,5.7340617179870605,1.6306709673427768,5.468263626098633,1.5450461195351375,0.57482918766785,447,DEF,3,64,0.0001,large,stdev
6.0966715812683105,1.6548628228290234,4.855935096740723,1.5003713345035328,5.433047771453857,1.5848207828460326,0.5215568946888082,448,DEF,3,64,0.0001,large,stdev
