train_mse,train_mae,val_mse,val_mae,test_mse,test_mae,spear_corr,seed,position,window_size,num_dense,tolerance,amt_num_features,stratify_by
5.057281017303467,1.506782429136813,5.519773483276367,1.5656941559575839,3.6489906311035156,1.183557855222697,0.7124045173193783,444,GK,6,64,1e-05,large,stdev
5.106259346008301,1.4213557696665946,5.204410076141357,1.5754369518351667,5.296250343322754,1.5809594249912524,0.6301389235120616,445,GK,6,64,1e-05,large,stdev
5.3153767585754395,1.5084859138439324,4.663437843322754,1.3752477515801569,4.633329391479492,1.4445905043307135,0.6965378076310477,446,GK,6,64,1e-05,large,stdev
5.260115146636963,1.5029998117711338,3.9219746589660645,1.2708931749796677,5.51006555557251,1.6709286318479204,0.6817543607068653,447,GK,6,64,1e-05,large,stdev
4.80246639251709,1.3997489362502018,4.573249816894531,1.261637822685719,6.388766765594482,1.83789455935359,0.5710492856705358,448,GK,6,64,1e-05,large,stdev

