train_mse,train_mae,val_mse,val_mae,test_mse,test_mae,spear_corr,seed,position,window_size,num_dense,tolerance,amt_num_features,stratify_by
5.716228008270264,1.4369438521685671,5.132350444793701,1.3738527612976015,5.976146221160889,1.4989756745798093,0.5591562984232873,444,MID,9,64,0.0001,large,stdev
5.297382831573486,1.3819564226201098,6.798984050750732,1.580446976541209,4.762979984283447,1.3059341056220024,0.611195786865792,445,MID,9,64,0.0001,large,stdev
5.838150978088379,1.4674787349534315,5.448367118835449,1.3834275019125115,5.068741798400879,1.3356068640460537,0.6147772062012078,446,MID,9,64,0.0001,large,stdev
5.320002555847168,1.3697648620805956,5.9913010597229,1.4817634789816785,6.217589378356934,1.480543718387624,0.6104319546930284,447,MID,9,64,0.0001,large,stdev
5.869729518890381,1.488531470692851,5.178778648376465,1.3408915655652422,5.532475471496582,1.399942904245653,0.6049095454965843,448,MID,9,64,0.0001,large,stdev
